From MML,Filtername,L34PROTTYPE,STRING,L34PROTOCOL,ANY,SVRIPMODE,IP,SVRIP,Ip Address,SVRIPMASKTYPE,LENGTHTYPE,SVRIPMASKLEN,Subnet,MSSTARTPORT,0,MSENDPORT,65535,SVRSTARTPORT,0.1,SVRENDPORT,Ip Prefix
ADD FILTER:FILTERNAME,f_tiktokip_001,L34PROTTYPE,STRING,L34PROTOCOL,ANY,SVRIPMODE,IP,SVRIP,163.171.156.64,SVRIPMASKTYPE,LENGTHTYPE,SVRIPMASKLEN,28,MSSTARTPORT,0.0,MSENDPORT,65535.0,SVRSTARTPORT,0.0,SVRENDPORT,163.171.156.64/28
ADD FILTER:FILTERNAME,f_tiktokip_002,L34PROTTYPE,STRING,L34PROTOCOL,ANY,SVRIPMODE,IP,SVRIP,163.171.162.32,SVRIPMASKTYPE,LENGTHTYPE,SVRIPMASKLEN,28,MSSTARTPORT,0.0,MSENDPORT,65535.0,SVRSTARTPORT,0.0,SVRENDPORT,163.171.162.32/28
ADD FILTER:FILTERNAME,f_tiktokip_003,L34PROTTYPE,STRING,L34PROTOCOL,ANY,SVRIPMODE,IP,SVRIP,103.211.150.24,SVRIPMASKTYPE,LENGTHTYPE,SVRIPMASKLEN,30,MSSTARTPORT,0.0,MSENDPORT,65535.0,SVRSTARTPORT,0.0,SVRENDPORT,103.211.150.24/30
ADD FILTER:FILTERNAME,f_tiktokip_004,L34PROTTYPE,STRING,L34PROTOCOL,ANY,SVRIPMODE,IP,SVRIP,138.113.111.64,SVRIPMASKTYPE,LENGTHTYPE,SVRIPMASKLEN,29,MSSTARTPORT,0.0,MSENDPORT,65535.0,SVRSTARTPORT,0.0,SVRENDPORT,138.113.111.64/29
ADD FILTER:FILTERNAME,f_tiktokip_005,L34PROTTYPE,STRING,L34PROTOCOL,ANY,SVRIPMODE,IP,SVRIP,43.250.48.120,SVRIPMASKTYPE,LENGTHTYPE,SVRIPMASKLEN,30,MSSTARTPORT,0.0,MSENDPORT,65535.0,SVRSTARTPORT,0.0,SVRENDPORT,43.250.48.120/30
ADD FILTER:FILTERNAME,f_tiktokip_006,L34PROTTYPE,STRING,L34PROTOCOL,ANY,SVRIPMODE,IP,SVRIP,138.113.121.80,SVRIPMASKTYPE,LENGTHTYPE,SVRIPMASKLEN,28,MSSTARTPORT,0.0,MSENDPORT,65535.0,SVRSTARTPORT,0.0,SVRENDPORT,138.113.121.80/28
ADD FILTER:FILTERNAME,f_tiktokip_007,L34PROTTYPE,STRING,L34PROTOCOL,ANY,SVRIPMODE,IP,SVRIP,138.113.125.32,SVRIPMASKTYPE,LENGTHTYPE,SVRIPMASKLEN,28,MSSTARTPORT,0.0,MSENDPORT,65535.0,SVRSTARTPORT,0.0,SVRENDPORT,138.113.125.32/28
ADD FILTER:FILTERNAME,f_tiktokip_008,L34PROTTYPE,STRING,L34PROTOCOL,ANY,SVRIPMODE,IP,SVRIP,138.113.114.192,SVRIPMASKTYPE,LENGTHTYPE,SVRIPMASKLEN,28,MSSTARTPORT,0.0,MSENDPORT,65535.0,SVRSTARTPORT,0.0,SVRENDPORT,138.113.114.192/28
ADD FILTER:FILTERNAME,f_tiktokip_009,L34PROTTYPE,STRING,L34PROTOCOL,ANY,SVRIPMODE,IP,SVRIP,124.41.251.10,SVRIPMASKTYPE,LENGTHTYPE,SVRIPMASKLEN,32,MSSTARTPORT,0.0,MSENDPORT,65535.0,SVRSTARTPORT,0.0,SVRENDPORT,124.41.251.10/32
ADD FILTER:FILTERNAME,f_tiktokip_010,L34PROTTYPE,STRING,L34PROTOCOL,ANY,SVRIPMODE,IP,SVRIP,124.41.251.17,SVRIPMASKTYPE,LENGTHTYPE,SVRIPMASKLEN,32,MSSTARTPORT,0.0,MSENDPORT,65535.0,SVRSTARTPORT,0.0,SVRENDPORT,124.41.251.17/32
ADD FILTER:FILTERNAME,f_tiktokip_011,L34PROTTYPE,STRING,L34PROTOCOL,ANY,SVRIPMODE,IP,SVRIP,124.41.251.18,SVRIPMASKTYPE,LENGTHTYPE,SVRIPMASKLEN,32,MSSTARTPORT,0.0,MSENDPORT,65535.0,SVRSTARTPORT,0.0,SVRENDPORT,124.41.251.18/32
ADD FILTER:FILTERNAME,f_tiktokip_012,L34PROTTYPE,STRING,L34PROTOCOL,ANY,SVRIPMODE,IP,SVRIP,124.41.251.19,SVRIPMASKTYPE,LENGTHTYPE,SVRIPMASKLEN,32,MSSTARTPORT,0.0,MSENDPORT,65535.0,SVRSTARTPORT,0.0,SVRENDPORT,124.41.251.19/32
ADD FILTER:FILTERNAME,f_tiktokip_013,L34PROTTYPE,STRING,L34PROTOCOL,ANY,SVRIPMODE,IP,SVRIP,124.41.251.15,SVRIPMASKTYPE,LENGTHTYPE,SVRIPMASKLEN,32,MSSTARTPORT,0.0,MSENDPORT,65535.0,SVRSTARTPORT,0.0,SVRENDPORT,124.41.251.15/32
ADD FILTER:FILTERNAME,f_tiktokip_014,L34PROTTYPE,STRING,L34PROTOCOL,ANY,SVRIPMODE,IP,SVRIP,124.41.251.16,SVRIPMASKTYPE,LENGTHTYPE,SVRIPMASKLEN,32,MSSTARTPORT,0.0,MSENDPORT,65535.0,SVRSTARTPORT,0.0,SVRENDPORT,124.41.251.16/32
ADD FILTER:FILTERNAME,f_tiktokip_015,L34PROTTYPE,STRING,L34PROTOCOL,ANY,SVRIPMODE,IP,SVRIP,101.33.27.58,SVRIPMASKTYPE,LENGTHTYPE,SVRIPMASKLEN,32,MSSTARTPORT,0.0,MSENDPORT,65535.0,SVRSTARTPORT,0.0,SVRENDPORT,101.33.27.58/32
ADD FILTER:FILTERNAME,f_tiktokip_016,L34PROTTYPE,STRING,L34PROTOCOL,ANY,SVRIPMODE,IP,SVRIP,101.33.27.61,SVRIPMASKTYPE,LENGTHTYPE,SVRIPMASKLEN,32,MSSTARTPORT,0.0,MSENDPORT,65535.0,SVRSTARTPORT,0.0,SVRENDPORT,101.33.27.61/32
ADD FILTER:FILTERNAME,f_tiktokip_017,L34PROTTYPE,STRING,L34PROTOCOL,ANY,SVRIPMODE,IP,SVRIP,101.33.27.62,SVRIPMASKTYPE,LENGTHTYPE,SVRIPMASKLEN,32,MSSTARTPORT,0.0,MSENDPORT,65535.0,SVRSTARTPORT,0.0,SVRENDPORT,101.33.27.62/32
ADD FILTER:FILTERNAME,f_tiktokip_018,L34PROTTYPE,STRING,L34PROTOCOL,ANY,SVRIPMODE,IP,SVRIP,101.33.26.135,SVRIPMASKTYPE,LENGTHTYPE,SVRIPMASKLEN,32,MSSTARTPORT,0.0,MSENDPORT,65535.0,SVRSTARTPORT,0.0,SVRENDPORT,101.33.26.135/32
ADD FILTER:FILTERNAME,f_tiktokip_019,L34PROTTYPE,STRING,L34PROTOCOL,ANY,SVRIPMODE,IP,SVRIP,101.33.26.137,SVRIPMASKTYPE,LENGTHTYPE,SVRIPMASKLEN,32,MSSTARTPORT,0.0,MSENDPORT,65535.0,SVRSTARTPORT,0.0,SVRENDPORT,101.33.26.137/32
ADD FILTER:FILTERNAME,f_tiktokip_020,L34PROTTYPE,STRING,L34PROTOCOL,ANY,SVRIPMODE,IP,SVRIP,101.33.26.138,SVRIPMASKTYPE,LENGTHTYPE,SVRIPMASKLEN,32,MSSTARTPORT,0.0,MSENDPORT,65535.0,SVRSTARTPORT,0.0,SVRENDPORT,101.33.26.138/32
ADD FILTER:FILTERNAME,f_tiktokip_021,L34PROTTYPE,STRING,L34PROTOCOL,ANY,SVRIPMODE,IP,SVRIP,212.102.34.42,SVRIPMASKTYPE,LENGTHTYPE,SVRIPMASKLEN,32,MSSTARTPORT,0.0,MSENDPORT,65535.0,SVRSTARTPORT,0.0,Assigned,101.33.27.56/32
ADD FILTER:FILTERNAME,f_tiktokip_022,L34PROTTYPE,STRING,L34PROTOCOL,ANY,SVRIPMODE,IP,SVRIP,150.109.91.119,SVRIPMASKTYPE,LENGTHTYPE,SVRIPMASKLEN,32,MSSTARTPORT,0.0,MSENDPORT,65535.0,SVRSTARTPORT,0.0,SVRENDPORT,150.109.91.119/32
ADD FILTER:FILTERNAME,f_tiktokip_023,L34PROTTYPE,STRING,L34PROTOCOL,ANY,SVRIPMODE,IP,SVRIP,150.109.91.126,SVRIPMASKTYPE,LENGTHTYPE,SVRIPMASKLEN,32,MSSTARTPORT,0.0,MSENDPORT,65535.0,SVRSTARTPORT,0.0,SVRENDPORT,150.109.91.126/32
ADD FILTER:FILTERNAME,f_tiktokip_024,L34PROTTYPE,STRING,L34PROTOCOL,ANY,SVRIPMODE,IP,SVRIP,150.109.90.124,SVRIPMASKTYPE,LENGTHTYPE,SVRIPMASKLEN,32,MSSTARTPORT,0.0,MSENDPORT,65535.0,SVRSTARTPORT,0.0,SVRENDPORT,150.109.90.124/32
ADD FILTER:FILTERNAME,f_tiktokip_025,L34PROTTYPE,STRING,L34PROTOCOL,ANY,SVRIPMODE,IP,SVRIP,150.109.90.119,SVRIPMASKTYPE,LENGTHTYPE,SVRIPMASKLEN,32,MSSTARTPORT,0.0,MSENDPORT,65535.0,SVRSTARTPORT,0.0,SVRENDPORT,150.109.90.119/32
ADD FILTER:FILTERNAME,f_tiktokip_026,L34PROTTYPE,STRING,L34PROTOCOL,ANY,SVRIPMODE,IP,SVRIP,150.109.91.59,SVRIPMASKTYPE,LENGTHTYPE,SVRIPMASKLEN,32,MSSTARTPORT,0.0,MSENDPORT,65535.0,SVRSTARTPORT,0.0,SVRENDPORT,150.109.91.59/32
ADD FILTER:FILTERNAME,f_tiktokip_027,L34PROTTYPE,STRING,L34PROTOCOL,ANY,SVRIPMODE,IP,SVRIP,34.107.140.103,SVRIPMASKTYPE,LENGTHTYPE,SVRIPMASKLEN,32,MSSTARTPORT,0.0,MSENDPORT,65535.0,SVRSTARTPORT,0.0,SVRENDPORT,34.107.140.103/32
ADD FILTER:FILTERNAME,f_tiktokip_028,L34PROTTYPE,STRING,L34PROTOCOL,ANY,SVRIPMODE,IP,SVRIP,35.190.6.191,SVRIPMASKTYPE,LENGTHTYPE,SVRIPMASKLEN,32,MSSTARTPORT,0.0,MSENDPORT,65535.0,SVRSTARTPORT,0.0,SVRENDPORT,35.190.6.191/32
ADD FILTER:FILTERNAME,f_tiktokip_029,L34PROTTYPE,STRING,L34PROTOCOL,ANY,SVRIPMODE,IP,SVRIP,34.120.163.4,SVRIPMASKTYPE,LENGTHTYPE,SVRIPMASKLEN,32,MSSTARTPORT,0.0,MSENDPORT,65535.0,SVRSTARTPORT,0.0,SVRENDPORT,34.120.163.4/32
ADD FILTER:FILTERNAME,f_tiktokip_030,L34PROTTYPE,STRING,L34PROTOCOL,ANY,SVRIPMODE,IP,SVRIP,35.186.205.139,SVRIPMASKTYPE,LENGTHTYPE,SVRIPMASKLEN,32,MSSTARTPORT,0.0,MSENDPORT,65535.0,SVRSTARTPORT,0.0,SVRENDPORT,35.186.205.139/32
ADD FILTER:FILTERNAME,f_tiktokip_031,L34PROTTYPE,STRING,L34PROTOCOL,ANY,SVRIPMODE,IP,SVRIP,34.96.108.184,SVRIPMASKTYPE,LENGTHTYPE,SVRIPMASKLEN,32,MSSTARTPORT,0.0,MSENDPORT,65535.0,SVRSTARTPORT,0.0,SVRENDPORT,34.96.108.184/32
ADD FILTER:FILTERNAME,f_tiktokip_032,L34PROTTYPE,STRING,L34PROTOCOL,ANY,SVRIPMODE,IP,SVRIP,35.201.85.233,SVRIPMASKTYPE,LENGTHTYPE,SVRIPMASKLEN,32,MSSTARTPORT,0.0,MSENDPORT,65535.0,SVRSTARTPORT,0.0,SVRENDPORT,35.201.85.233/32
ADD FILTER:FILTERNAME,f_tiktokip_033,L34PROTTYPE,STRING,L34PROTOCOL,ANY,SVRIPMODE,IP,SVRIP,34.107.250.54,SVRIPMASKTYPE,LENGTHTYPE,SVRIPMASKLEN,32,MSSTARTPORT,0.0,MSENDPORT,65535.0,SVRSTARTPORT,0.0,SVRENDPORT,34.107.250.54/32
ADD FILTER:FILTERNAME,f_tiktokip_034,L34PROTTYPE,STRING,L34PROTOCOL,ANY,SVRIPMODE,IP,SVRIP,34.117.4.5,SVRIPMASKTYPE,LENGTHTYPE,SVRIPMASKLEN,32,MSSTARTPORT,0.0,MSENDPORT,65535.0,SVRSTARTPORT,0.0,SVRENDPORT,34.117.4.5/32
ADD FILTER:FILTERNAME,f_tiktokip_035,L34PROTTYPE,STRING,L34PROTOCOL,ANY,SVRIPMODE,IP,SVRIP,34.117.246.77,SVRIPMASKTYPE,LENGTHTYPE,SVRIPMASKLEN,32,MSSTARTPORT,0.0,MSENDPORT,65535.0,SVRSTARTPORT,0.0,SVRENDPORT,34.117.246.77/32
ADD FILTER:FILTERNAME,f_tiktokip_036,L34PROTTYPE,STRING,L34PROTOCOL,ANY,SVRIPMODE,IP,SVRIP,34.117.26.217,SVRIPMASKTYPE,LENGTHTYPE,SVRIPMASKLEN,32,MSSTARTPORT,0.0,MSENDPORT,65535.0,SVRSTARTPORT,0.0,SVRENDPORT,34.117.26.217/32
ADD FILTER:FILTERNAME,f_tiktokip_037,L34PROTTYPE,STRING,L34PROTOCOL,ANY,SVRIPMODE,IP,SVRIP,34.117.69.137,SVRIPMASKTYPE,LENGTHTYPE,SVRIPMASKLEN,32,MSSTARTPORT,0.0,MSENDPORT,65535.0,SVRSTARTPORT,0.0,SVRENDPORT,34.117.69.137/32
ADD FILTER:FILTERNAME,f_tiktokip_038,L34PROTTYPE,STRING,L34PROTOCOL,ANY,SVRIPMODE,IP,SVRIP,34.149.167.221,SVRIPMASKTYPE,LENGTHTYPE,SVRIPMASKLEN,32,MSSTARTPORT,0.0,MSENDPORT,65535.0,SVRSTARTPORT,0.0,SVRENDPORT,34.149.167.221/32
ADD FILTER:FILTERNAME,f_tiktokip_039,L34PROTTYPE,STRING,L34PROTOCOL,ANY,SVRIPMODE,IP,SVRIP,35.190.30.108,SVRIPMASKTYPE,LENGTHTYPE,SVRIPMASKLEN,32,MSSTARTPORT,0.0,MSENDPORT,65535.0,SVRSTARTPORT,0.0,SVRENDPORT,35.190.30.108/32
ADD FILTER:FILTERNAME,f_tiktokip_040,L34PROTTYPE,STRING,L34PROTOCOL,ANY,SVRIPMODE,IP,SVRIP,130.211.24.179,SVRIPMASKTYPE,LENGTHTYPE,SVRIPMASKLEN,32,MSSTARTPORT,0.0,MSENDPORT,65535.0,SVRSTARTPORT,0.0,SVRENDPORT,130.211.24.179/32
ADD FILTER:FILTERNAME,f_tiktokip_041,L34PROTTYPE,STRING,L34PROTOCOL,ANY,SVRIPMODE,IP,SVRIP,34.120.13.142,SVRIPMASKTYPE,LENGTHTYPE,SVRIPMASKLEN,32,MSSTARTPORT,0.0,MSENDPORT,65535.0,SVRSTARTPORT,0.0,SVRENDPORT,34.120.13.142/32
ADD FILTER:FILTERNAME,f_tiktokip_042,L34PROTTYPE,STRING,L34PROTOCOL,ANY,SVRIPMODE,IP,SVRIP,34.95.100.121,SVRIPMASKTYPE,LENGTHTYPE,SVRIPMASKLEN,32,MSSTARTPORT,0.0,MSENDPORT,65535.0,SVRSTARTPORT,0.0,SVRENDPORT,34.95.100.121/32
ADD FILTER:FILTERNAME,f_tiktokip_043,L34PROTTYPE,STRING,L34PROTOCOL,ANY,SVRIPMODE,IP,SVRIP,34.120.31.60,SVRIPMASKTYPE,LENGTHTYPE,SVRIPMASKLEN,32,MSSTARTPORT,0.0,MSENDPORT,65535.0,SVRSTARTPORT,0.0,SVRENDPORT,34.120.31.60/32
ADD FILTER:FILTERNAME,f_tiktokip_044,L34PROTTYPE,STRING,L34PROTOCOL,ANY,SVRIPMODE,IP,SVRIP,34.117.29.11,SVRIPMASKTYPE,LENGTHTYPE,SVRIPMASKLEN,32,MSSTARTPORT,0.0,MSENDPORT,65535.0,SVRSTARTPORT,0.0,SVRENDPORT,34.117.29.11/32
ADD FILTER:FILTERNAME,f_tiktokip_045,L34PROTTYPE,STRING,L34PROTOCOL,ANY,SVRIPMODE,IP,SVRIP,34.107.176.231,SVRIPMASKTYPE,LENGTHTYPE,SVRIPMASKLEN,32,MSSTARTPORT,0.0,MSENDPORT,65535.0,SVRSTARTPORT,0.0,SVRENDPORT,34.107.176.231/32
ADD FILTER:FILTERNAME,f_tiktokip_046,L34PROTTYPE,STRING,L34PROTOCOL,ANY,SVRIPMODE,IP,SVRIP,34.117.152.38,SVRIPMASKTYPE,LENGTHTYPE,SVRIPMASKLEN,32,MSSTARTPORT,0.0,MSENDPORT,65535.0,SVRSTARTPORT,0.0,SVRENDPORT,34.117.152.38/32
ADD FILTER:FILTERNAME,f_tiktokip_047,L34PROTTYPE,STRING,L34PROTOCOL,ANY,SVRIPMODE,IP,SVRIP,34.117.68.211,SVRIPMASKTYPE,LENGTHTYPE,SVRIPMASKLEN,32,MSSTARTPORT,0.0,MSENDPORT,65535.0,SVRSTARTPORT,0.0,SVRENDPORT,34.117.68.211/32
ADD FILTER:FILTERNAME,f_tiktokip_048,L34PROTTYPE,STRING,L34PROTOCOL,ANY,SVRIPMODE,IP,SVRIP,35.190.126.23,SVRIPMASKTYPE,LENGTHTYPE,SVRIPMASKLEN,32,MSSTARTPORT,0.0,MSENDPORT,65535.0,SVRSTARTPORT,0.0,SVRENDPORT,35.190.126.23/32
ADD FILTER:FILTERNAME,f_tiktokip_049,L34PROTTYPE,STRING,L34PROTOCOL,ANY,SVRIPMODE,IP,SVRIP,34.120.34.144,SVRIPMASKTYPE,LENGTHTYPE,SVRIPMASKLEN,32,MSSTARTPORT,0.0,MSENDPORT,65535.0,SVRSTARTPORT,0.0,SVRENDPORT,34.120.34.144/32
ADD FILTER:FILTERNAME,f_tiktokip_050,L34PROTTYPE,STRING,L34PROTOCOL,ANY,SVRIPMODE,IP,SVRIP,35.190.85.155,SVRIPMASKTYPE,LENGTHTYPE,SVRIPMASKLEN,32,MSSTARTPORT,0.0,MSENDPORT,65535.0,SVRSTARTPORT,0.0,SVRENDPORT,35.190.85.155/32
ADD FILTER:FILTERNAME,f_tiktokip_051,L34PROTTYPE,STRING,L34PROTOCOL,ANY,SVRIPMODE,IP,SVRIP,34.102.156.43,SVRIPMASKTYPE,LENGTHTYPE,SVRIPMASKLEN,32,MSSTARTPORT,0.0,MSENDPORT,65535.0,SVRSTARTPORT,0.0,SVRENDPORT,34.102.156.43/32
ADD FILTER:FILTERNAME,f_tiktokip_052,L34PROTTYPE,STRING,L34PROTOCOL,ANY,SVRIPMODE,IP,SVRIP,34.102.235.236,SVRIPMASKTYPE,LENGTHTYPE,SVRIPMASKLEN,32,MSSTARTPORT,0.0,MSENDPORT,65535.0,SVRSTARTPORT,0.0,SVRENDPORT,34.102.235.236/32
ADD FILTER:FILTERNAME,f_tiktokip_053,L34PROTTYPE,STRING,L34PROTOCOL,ANY,SVRIPMODE,IP,SVRIP,35.245.63.136,SVRIPMASKTYPE,LENGTHTYPE,SVRIPMASKLEN,32,MSSTARTPORT,0.0,MSENDPORT,65535.0,SVRSTARTPORT,0.0,SVRENDPORT,35.245.63.136/32
ADD FILTER:FILTERNAME,f_tiktokip_054,L34PROTTYPE,STRING,L34PROTOCOL,ANY,SVRIPMODE,IP,SVRIP,34.120.183.73,SVRIPMASKTYPE,LENGTHTYPE,SVRIPMASKLEN,32,MSSTARTPORT,0.0,MSENDPORT,65535.0,SVRSTARTPORT,0.0,SVRENDPORT,34.120.183.73/32
ADD FILTER:FILTERNAME,f_tiktokip_055,L34PROTTYPE,STRING,L34PROTOCOL,ANY,SVRIPMODE,IP,SVRIP,34.85.190.210,SVRIPMASKTYPE,LENGTHTYPE,SVRIPMASKLEN,32,MSSTARTPORT,0.0,MSENDPORT,65535.0,SVRSTARTPORT,0.0,SVRENDPORT,34.85.190.210/32
ADD FILTER:FILTERNAME,f_tiktokip_056,L34PROTTYPE,STRING,L34PROTOCOL,ANY,SVRIPMODE,IP,SVRIP,34.150.178.68,SVRIPMASKTYPE,LENGTHTYPE,SVRIPMASKLEN,32,MSSTARTPORT,0.0,MSENDPORT,65535.0,SVRSTARTPORT,0.0,SVRENDPORT,34.150.178.68/32
ADD FILTER:FILTERNAME,f_tiktokip_057,L34PROTTYPE,STRING,L34PROTOCOL,ANY,SVRIPMODE,IP,SVRIP,34.117.139.101,SVRIPMASKTYPE,LENGTHTYPE,SVRIPMASKLEN,32,MSSTARTPORT,0.0,MSENDPORT,65535.0,SVRSTARTPORT,0.0,SVRENDPORT,34.117.139.101/32
ADD FILTER:FILTERNAME,f_tiktokip_058,L34PROTTYPE,STRING,L34PROTOCOL,ANY,SVRIPMODE,IP,SVRIP,34.98.103.214,SVRIPMASKTYPE,LENGTHTYPE,SVRIPMASKLEN,32,MSSTARTPORT,0.0,MSENDPORT,65535.0,SVRSTARTPORT,0.0,SVRENDPORT,34.98.103.214/32
ADD FILTER:FILTERNAME,f_tiktokip_059,L34PROTTYPE,STRING,L34PROTOCOL,ANY,SVRIPMODE,IP,SVRIP,35.240.207.222,SVRIPMASKTYPE,LENGTHTYPE,SVRIPMASKLEN,32,MSSTARTPORT,0.0,MSENDPORT,65535.0,SVRSTARTPORT,0.0,SVRENDPORT,35.240.207.222/32
ADD FILTER:FILTERNAME,f_tiktokip_060,L34PROTTYPE,STRING,L34PROTOCOL,ANY,SVRIPMODE,IP,SVRIP,13.228.132.34,SVRIPMASKTYPE,LENGTHTYPE,SVRIPMASKLEN,32,MSSTARTPORT,0.0,MSENDPORT,65535.0,SVRSTARTPORT,0.0,SVRENDPORT,13.228.132.34/32
ADD FILTER:FILTERNAME,f_tiktokip_061,L34PROTTYPE,STRING,L34PROTOCOL,ANY,SVRIPMODE,IP,SVRIP,13.228.201.253,SVRIPMASKTYPE,LENGTHTYPE,SVRIPMASKLEN,32,MSSTARTPORT,0.0,MSENDPORT,65535.0,SVRSTARTPORT,0.0,SVRENDPORT,13.228.201.253/32
ADD FILTER:FILTERNAME,f_tiktokip_062,L34PROTTYPE,STRING,L34PROTOCOL,ANY,SVRIPMODE,IP,SVRIP,18.141.84.189,SVRIPMASKTYPE,LENGTHTYPE,SVRIPMASKLEN,32,MSSTARTPORT,0.0,MSENDPORT,65535.0,SVRSTARTPORT,0.0,SVRENDPORT,18.141.84.189/32
ADD FILTER:FILTERNAME,f_tiktokip_063,L34PROTTYPE,STRING,L34PROTOCOL,ANY,SVRIPMODE,IP,SVRIP,52.221.142.208,SVRIPMASKTYPE,LENGTHTYPE,SVRIPMASKLEN,32,MSSTARTPORT,0.0,MSENDPORT,65535.0,SVRSTARTPORT,0.0,SVRENDPORT,52.221.142.208/32
ADD FILTER:FILTERNAME,f_tiktokip_064,L34PROTTYPE,STRING,L34PROTOCOL,ANY,SVRIPMODE,IP,SVRIP,52.74.104.132,SVRIPMASKTYPE,LENGTHTYPE,SVRIPMASKLEN,32,MSSTARTPORT,0.0,MSENDPORT,65535.0,SVRSTARTPORT,0.0,SVRENDPORT,52.74.104.132/32
ADD FILTER:FILTERNAME,f_tiktokip_065,L34PROTTYPE,STRING,L34PROTOCOL,ANY,SVRIPMODE,IP,SVRIP,52.74.96.21,SVRIPMASKTYPE,LENGTHTYPE,SVRIPMASKLEN,32,MSSTARTPORT,0.0,MSENDPORT,65535.0,SVRSTARTPORT,0.0,SVRENDPORT,52.74.96.21/32
ADD FILTER:FILTERNAME,f_tiktokip_066,L34PROTTYPE,STRING,L34PROTOCOL,ANY,SVRIPMODE,IP,SVRIP,52.76.16.93,SVRIPMASKTYPE,LENGTHTYPE,SVRIPMASKLEN,32,MSSTARTPORT,0.0,MSENDPORT,65535.0,SVRSTARTPORT,0.0,SVRENDPORT,52.76.16.93/32
ADD FILTER:FILTERNAME,f_tiktokip_067,L34PROTTYPE,STRING,L34PROTOCOL,ANY,SVRIPMODE,IP,SVRIP,54.254.173.234,SVRIPMASKTYPE,LENGTHTYPE,SVRIPMASKLEN,32,MSSTARTPORT,0.0,MSENDPORT,65535.0,SVRSTARTPORT,0.0,SVRENDPORT,54.254.173.234/32
ADD FILTER:FILTERNAME,f_tiktokip_068,L34PROTTYPE,STRING,L34PROTOCOL,ANY,SVRIPMODE,IP,SVRIP,35.247.197.46,SVRIPMASKTYPE,LENGTHTYPE,SVRIPMASKLEN,32,MSSTARTPORT,0.0,MSENDPORT,65535.0,SVRSTARTPORT,0.0,SVRENDPORT,35.247.197.46/32
ADD FILTER:FILTERNAME,f_tiktokip_069,L34PROTTYPE,STRING,L34PROTOCOL,ANY,SVRIPMODE,IP,SVRIP,18.228.123.165,SVRIPMASKTYPE,LENGTHTYPE,SVRIPMASKLEN,32,MSSTARTPORT,0.0,MSENDPORT,65535.0,SVRSTARTPORT,0.0,SVRENDPORT,18.228.123.165/32
ADD FILTER:FILTERNAME,f_tiktokip_070,L34PROTTYPE,STRING,L34PROTOCOL,ANY,SVRIPMODE,IP,SVRIP,18.229.218.145,SVRIPMASKTYPE,LENGTHTYPE,SVRIPMASKLEN,32,MSSTARTPORT,0.0,MSENDPORT,65535.0,SVRSTARTPORT,0.0,SVRENDPORT,18.229.218.145/32
ADD FILTER:FILTERNAME,f_tiktokip_071,L34PROTTYPE,STRING,L34PROTOCOL,ANY,SVRIPMODE,IP,SVRIP,18.229.250.206,SVRIPMASKTYPE,LENGTHTYPE,SVRIPMASKLEN,32,MSSTARTPORT,0.0,MSENDPORT,65535.0,SVRSTARTPORT,0.0,SVRENDPORT,18.229.250.206/32
ADD FILTER:FILTERNAME,f_tiktokip_072,L34PROTTYPE,STRING,L34PROTOCOL,ANY,SVRIPMODE,IP,SVRIP,3.211.229.14,SVRIPMASKTYPE,LENGTHTYPE,SVRIPMASKLEN,32,MSSTARTPORT,0.0,MSENDPORT,65535.0,SVRSTARTPORT,0.0,SVRENDPORT,3.211.229.14/32
ADD FILTER:FILTERNAME,f_tiktokip_073,L34PROTTYPE,STRING,L34PROTOCOL,ANY,SVRIPMODE,IP,SVRIP,3.219.19.173,SVRIPMASKTYPE,LENGTHTYPE,SVRIPMASKLEN,32,MSSTARTPORT,0.0,MSENDPORT,65535.0,SVRSTARTPORT,0.0,SVRENDPORT,3.219.19.173/32
ADD FILTER:FILTERNAME,f_tiktokip_074,L34PROTTYPE,STRING,L34PROTOCOL,ANY,SVRIPMODE,IP,SVRIP,3.83.0.241,SVRIPMASKTYPE,LENGTHTYPE,SVRIPMASKLEN,32,MSSTARTPORT,0.0,MSENDPORT,65535.0,SVRSTARTPORT,0.0,SVRENDPORT,3.83.0.241/32
ADD FILTER:FILTERNAME,f_tiktokip_075,L34PROTTYPE,STRING,L34PROTOCOL,ANY,SVRIPMODE,IP,SVRIP,34.228.133.117,SVRIPMASKTYPE,LENGTHTYPE,SVRIPMASKLEN,32,MSSTARTPORT,0.0,MSENDPORT,65535.0,SVRSTARTPORT,0.0,SVRENDPORT,34.228.133.117/32
ADD FILTER:FILTERNAME,f_tiktokip_076,L34PROTTYPE,STRING,L34PROTOCOL,ANY,SVRIPMODE,IP,SVRIP,35.171.224.0,SVRIPMASKTYPE,LENGTHTYPE,SVRIPMASKLEN,32,MSSTARTPORT,0.0,MSENDPORT,65535.0,SVRSTARTPORT,0.0,SVRENDPORT,35.171.224.0/32
ADD FILTER:FILTERNAME,f_tiktokip_077,L34PROTTYPE,STRING,L34PROTOCOL,ANY,SVRIPMODE,IP,SVRIP,52.0.205.58,SVRIPMASKTYPE,LENGTHTYPE,SVRIPMASKLEN,32,MSSTARTPORT,0.0,MSENDPORT,65535.0,SVRSTARTPORT,0.0,SVRENDPORT,52.0.205.58/32
ADD FILTER:FILTERNAME,f_tiktokip_078,L34PROTTYPE,STRING,L34PROTOCOL,ANY,SVRIPMODE,IP,SVRIP,52.205.97.106,SVRIPMASKTYPE,LENGTHTYPE,SVRIPMASKLEN,32,MSSTARTPORT,0.0,MSENDPORT,65535.0,SVRSTARTPORT,0.0,SVRENDPORT,52.205.97.106/32
ADD FILTER:FILTERNAME,f_tiktokip_079,L34PROTTYPE,STRING,L34PROTOCOL,ANY,SVRIPMODE,IP,SVRIP,52.87.96.51,SVRIPMASKTYPE,LENGTHTYPE,SVRIPMASKLEN,32,MSSTARTPORT,0.0,MSENDPORT,65535.0,SVRSTARTPORT,0.0,SVRENDPORT,52.87.96.51/32
ADD FILTER:FILTERNAME,f_tiktokip_080,L34PROTTYPE,STRING,L34PROTOCOL,ANY,SVRIPMODE,IP,SVRIP,54.157.224.45,SVRIPMASKTYPE,LENGTHTYPE,SVRIPMASKLEN,32,MSSTARTPORT,0.0,MSENDPORT,65535.0,SVRSTARTPORT,0.0,SVRENDPORT,54.157.224.45/32
ADD FILTER:FILTERNAME,f_tiktokip_081,L34PROTTYPE,STRING,L34PROTOCOL,ANY,SVRIPMODE,IP,SVRIP,54.158.48.17,SVRIPMASKTYPE,LENGTHTYPE,SVRIPMASKLEN,32,MSSTARTPORT,0.0,MSENDPORT,65535.0,SVRSTARTPORT,0.0,SVRENDPORT,54.158.48.17/32
ADD FILTER:FILTERNAME,f_tiktokip_082,L34PROTTYPE,STRING,L34PROTOCOL,ANY,SVRIPMODE,IP,SVRIP,54.82.240.148,SVRIPMASKTYPE,LENGTHTYPE,SVRIPMASKLEN,32,MSSTARTPORT,0.0,MSENDPORT,65535.0,SVRSTARTPORT,0.0,SVRENDPORT,54.82.240.148/32
ADD FILTER:FILTERNAME,f_tiktokip_083,L34PROTTYPE,STRING,L34PROTOCOL,ANY,SVRIPMODE,IP,SVRIP,54.86.113.74,SVRIPMASKTYPE,LENGTHTYPE,SVRIPMASKLEN,32,MSSTARTPORT,0.0,MSENDPORT,65535.0,SVRSTARTPORT,0.0,SVRENDPORT,54.86.113.74/32
ADD FILTER:FILTERNAME,f_tiktokip_084,L34PROTTYPE,STRING,L34PROTOCOL,ANY,SVRIPMODE,IP,SVRIP,15.185.102.121,SVRIPMASKTYPE,LENGTHTYPE,SVRIPMASKLEN,32,MSSTARTPORT,0.0,MSENDPORT,65535.0,SVRSTARTPORT,0.0,SVRENDPORT,15.185.102.121/32
ADD FILTER:FILTERNAME,f_tiktokip_085,L34PROTTYPE,STRING,L34PROTOCOL,ANY,SVRIPMODE,IP,SVRIP,15.185.61.127,SVRIPMASKTYPE,LENGTHTYPE,SVRIPMASKLEN,32,MSSTARTPORT,0.0,MSENDPORT,65535.0,SVRSTARTPORT,0.0,SVRENDPORT,15.185.61.127/32
ADD FILTER:FILTERNAME,f_tiktokip_086,L34PROTTYPE,STRING,L34PROTOCOL,ANY,SVRIPMODE,IP,SVRIP,157.175.117.163,SVRIPMASKTYPE,LENGTHTYPE,SVRIPMASKLEN,32,MSSTARTPORT,0.0,MSENDPORT,65535.0,SVRSTARTPORT,0.0,SVRENDPORT,157.175.117.163/32
ADD FILTER:FILTERNAME,f_tiktokip_087,L34PROTTYPE,STRING,L34PROTOCOL,ANY,SVRIPMODE,IP,SVRIP,157.175.35.125,SVRIPMASKTYPE,LENGTHTYPE,SVRIPMASKLEN,32,MSSTARTPORT,0.0,MSENDPORT,65535.0,SVRSTARTPORT,0.0,SVRENDPORT,157.175.35.125/32
ADD FILTER:FILTERNAME,f_tiktokip_088,L34PROTTYPE,STRING,L34PROTOCOL,ANY,SVRIPMODE,IP,SVRIP,34.90.135.133,SVRIPMASKTYPE,LENGTHTYPE,SVRIPMASKLEN,32,MSSTARTPORT,0.0,MSENDPORT,65535.0,SVRSTARTPORT,0.0,SVRENDPORT,34.90.135.133/32
ADD FILTER:FILTERNAME,f_tiktokip_089,L34PROTTYPE,STRING,L34PROTOCOL,ANY,SVRIPMODE,IP,SVRIP,35.204.51.120,SVRIPMASKTYPE,LENGTHTYPE,SVRIPMASKLEN,32,MSSTARTPORT,0.0,MSENDPORT,65535.0,SVRSTARTPORT,0.0,SVRENDPORT,35.204.51.120/32
ADD FILTER:FILTERNAME,f_tiktokip_090,L34PROTTYPE,STRING,L34PROTOCOL,ANY,SVRIPMODE,IP,SVRIP,35.189.107.187,SVRIPMASKTYPE,LENGTHTYPE,SVRIPMASKLEN,32,MSSTARTPORT,0.0,MSENDPORT,65535.0,SVRSTARTPORT,0.0,SVRENDPORT,35.189.107.187/32
ADD FILTER:FILTERNAME,f_tiktokip_091,L34PROTTYPE,STRING,L34PROTOCOL,ANY,SVRIPMODE,IP,SVRIP,35.246.1.32,SVRIPMASKTYPE,LENGTHTYPE,SVRIPMASKLEN,32,MSSTARTPORT,0.0,MSENDPORT,65535.0,SVRSTARTPORT,0.0,SVRENDPORT,35.246.1.32/32
ADD FILTER:FILTERNAME,f_tiktokip_092,L34PROTTYPE,STRING,L34PROTOCOL,ANY,SVRIPMODE,IP,SVRIP,3.112.118.162,SVRIPMASKTYPE,LENGTHTYPE,SVRIPMASKLEN,32,MSSTARTPORT,0.0,MSENDPORT,65535.0,SVRSTARTPORT,0.0,SVRENDPORT,3.112.118.162/32
ADD FILTER:FILTERNAME,f_tiktokip_093,L34PROTTYPE,STRING,L34PROTOCOL,ANY,SVRIPMODE,IP,SVRIP,3.112.146.236,SVRIPMASKTYPE,LENGTHTYPE,SVRIPMASKLEN,32,MSSTARTPORT,0.0,MSENDPORT,65535.0,SVRSTARTPORT,0.0,SVRENDPORT,3.112.146.236/32
ADD FILTER:FILTERNAME,f_tiktokip_094,L34PROTTYPE,STRING,L34PROTOCOL,ANY,SVRIPMODE,IP,SVRIP,3.112.168.160,SVRIPMASKTYPE,LENGTHTYPE,SVRIPMASKLEN,32,MSSTARTPORT,0.0,MSENDPORT,65535.0,SVRSTARTPORT,0.0,SVRENDPORT,3.112.168.160/32
ADD FILTER:FILTERNAME,f_tiktokip_095,L34PROTTYPE,STRING,L34PROTOCOL,ANY,SVRIPMODE,IP,SVRIP,3.113.50.29,SVRIPMASKTYPE,LENGTHTYPE,SVRIPMASKLEN,32,MSSTARTPORT,0.0,MSENDPORT,65535.0,SVRSTARTPORT,0.0,SVRENDPORT,3.113.50.29/32
ADD FILTER:FILTERNAME,f_tiktokip_096,L34PROTTYPE,STRING,L34PROTOCOL,ANY,SVRIPMODE,IP,SVRIP,3.122.138.167,SVRIPMASKTYPE,LENGTHTYPE,SVRIPMASKLEN,32,MSSTARTPORT,0.0,MSENDPORT,65535.0,SVRSTARTPORT,0.0,SVRENDPORT,3.122.138.167/32
ADD FILTER:FILTERNAME,f_tiktokip_097,L34PROTTYPE,STRING,L34PROTOCOL,ANY,SVRIPMODE,IP,SVRIP,3.122.148.228,SVRIPMASKTYPE,LENGTHTYPE,SVRIPMASKLEN,32,MSSTARTPORT,0.0,MSENDPORT,65535.0,SVRSTARTPORT,0.0,SVRENDPORT,3.122.148.228/32
ADD FILTER:FILTERNAME,f_tiktokip_098,L34PROTTYPE,STRING,L34PROTOCOL,ANY,SVRIPMODE,IP,SVRIP,3.125.143.160,SVRIPMASKTYPE,LENGTHTYPE,SVRIPMASKLEN,32,MSSTARTPORT,0.0,MSENDPORT,65535.0,SVRSTARTPORT,0.0,SVRENDPORT,3.125.143.160/32
ADD FILTER:FILTERNAME,f_tiktokip_099,L34PROTTYPE,STRING,L34PROTOCOL,ANY,SVRIPMODE,IP,SVRIP,3.125.150.187,SVRIPMASKTYPE,LENGTHTYPE,SVRIPMASKLEN,32,MSSTARTPORT,0.0,MSENDPORT,65535.0,SVRSTARTPORT,0.0,SVRENDPORT,3.125.150.187/32
ADD FILTER:FILTERNAME,f_tiktokip_100,L34PROTTYPE,STRING,L34PROTOCOL,ANY,SVRIPMODE,IP,SVRIP,3.125.187.169,SVRIPMASKTYPE,LENGTHTYPE,SVRIPMASKLEN,32,MSSTARTPORT,0.0,MSENDPORT,65535.0,SVRSTARTPORT,0.0,SVRENDPORT,3.125.187.169/32
ADD FILTER:FILTERNAME,f_tiktokip_101,L34PROTTYPE,STRING,L34PROTOCOL,ANY,SVRIPMODE,IP,SVRIP,3.125.27.254,SVRIPMASKTYPE,LENGTHTYPE,SVRIPMASKLEN,32,MSSTARTPORT,0.0,MSENDPORT,65535.0,SVRSTARTPORT,0.0,SVRENDPORT,3.125.27.254/32
ADD FILTER:FILTERNAME,f_tiktokip_102,L34PROTTYPE,STRING,L34PROTOCOL,ANY,SVRIPMODE,IP,SVRIP,3.125.71.96,SVRIPMASKTYPE,LENGTHTYPE,SVRIPMASKLEN,32,MSSTARTPORT,0.0,MSENDPORT,65535.0,SVRSTARTPORT,0.0,SVRENDPORT,3.125.71.96/32
ADD FILTER:FILTERNAME,f_tiktokip_103,L34PROTTYPE,STRING,L34PROTOCOL,ANY,SVRIPMODE,IP,SVRIP,35.156.63.11,SVRIPMASKTYPE,LENGTHTYPE,SVRIPMASKLEN,32,MSSTARTPORT,0.0,MSENDPORT,65535.0,SVRSTARTPORT,0.0,SVRENDPORT,35.156.63.11/32
ADD FILTER:FILTERNAME,f_tiktokip_104,L34PROTTYPE,STRING,L34PROTOCOL,ANY,SVRIPMODE,IP,SVRIP,35.157.183.163,SVRIPMASKTYPE,LENGTHTYPE,SVRIPMASKLEN,32,MSSTARTPORT,0.0,MSENDPORT,65535.0,SVRSTARTPORT,0.0,SVRENDPORT,35.157.183.163/32
ADD FILTER:FILTERNAME,f_tiktokip_105,L34PROTTYPE,STRING,L34PROTOCOL,ANY,SVRIPMODE,IP,SVRIP,35.157.240.29,SVRIPMASKTYPE,LENGTHTYPE,SVRIPMASKLEN,32,MSSTARTPORT,0.0,MSENDPORT,65535.0,SVRSTARTPORT,0.0,SVRENDPORT,35.157.240.29/32
ADD FILTER:FILTERNAME,f_tiktokip_106,L34PROTTYPE,STRING,L34PROTOCOL,ANY,SVRIPMODE,IP,SVRIP,52.59.26.89,SVRIPMASKTYPE,LENGTHTYPE,SVRIPMASKLEN,32,MSSTARTPORT,0.0,MSENDPORT,65535.0,SVRSTARTPORT,0.0,SVRENDPORT,52.59.26.89/32
ADD FILTER:FILTERNAME,f_tiktokip_107,L34PROTTYPE,STRING,L34PROTOCOL,ANY,SVRIPMODE,IP,SVRIP,52.59.97.192,SVRIPMASKTYPE,LENGTHTYPE,SVRIPMASKLEN,32,MSSTARTPORT,0.0,MSENDPORT,65535.0,SVRSTARTPORT,0.0,SVRENDPORT,52.59.97.192/32
ADD FILTER:FILTERNAME,f_tiktokip_108,L34PROTTYPE,STRING,L34PROTOCOL,ANY,SVRIPMODE,IP,SVRIP,101.33.26.196,SVRIPMASKTYPE,LENGTHTYPE,SVRIPMASKLEN,32,MSSTARTPORT,0.0,MSENDPORT,65535.0,SVRSTARTPORT,0.0,SVRENDPORT,101.33.26.196/32
ADD FILTER:FILTERNAME,f_tiktokip_109,L34PROTTYPE,STRING,L34PROTOCOL,ANY,SVRIPMODE,IP,SVRIP,43.132.81.144,SVRIPMASKTYPE,LENGTHTYPE,SVRIPMASKLEN,32,MSSTARTPORT,0.0,MSENDPORT,65535.0,SVRSTARTPORT,0.0,SVRENDPORT,43.132.81.144/32
ADD FILTER:FILTERNAME,f_tiktokip_110,L34PROTTYPE,STRING,L34PROTOCOL,ANY,SVRIPMODE,IP,SVRIP,43.132.80.207,SVRIPMASKTYPE,LENGTHTYPE,SVRIPMASKLEN,32,MSSTARTPORT,0.0,MSENDPORT,65535.0,SVRSTARTPORT,0.0,SVRENDPORT,43.132.80.207/32
ADD FILTER:FILTERNAME,f_tiktokip_111,L34PROTTYPE,STRING,L34PROTOCOL,ANY,SVRIPMODE,IP,SVRIP,43.132.80.195,SVRIPMASKTYPE,LENGTHTYPE,SVRIPMASKLEN,32,MSSTARTPORT,0.0,MSENDPORT,65535.0,SVRSTARTPORT,0.0,SVRENDPORT,43.132.80.195/32
ADD FILTER:FILTERNAME,f_tiktokip_112,L34PROTTYPE,STRING,L34PROTOCOL,ANY,SVRIPMODE,IP,SVRIP,150.109.90.4,SVRIPMASKTYPE,LENGTHTYPE,SVRIPMASKLEN,32,MSSTARTPORT,0.0,MSENDPORT,65535.0,SVRSTARTPORT,0.0,SVRENDPORT,150.109.90.4/32
ADD FILTER:FILTERNAME,f_tiktokip_113,L34PROTTYPE,STRING,L34PROTOCOL,ANY,SVRIPMODE,IP,SVRIP,150.109.91.6,SVRIPMASKTYPE,LENGTHTYPE,SVRIPMASKLEN,32,MSSTARTPORT,0.0,MSENDPORT,65535.0,SVRSTARTPORT,0.0,SVRENDPORT,150.109.91.6/32
ADD FILTER:FILTERNAME,f_tiktokip_114,L34PROTTYPE,STRING,L34PROTOCOL,ANY,SVRIPMODE,IP,SVRIP,150.109.91.4,SVRIPMASKTYPE,LENGTHTYPE,SVRIPMASKLEN,32,MSSTARTPORT,0.0,MSENDPORT,65535.0,SVRSTARTPORT,0.0,SVRENDPORT,150.109.91.4/32
ADD FILTER:FILTERNAME,f_tiktokip_115,L34PROTTYPE,STRING,L34PROTOCOL,ANY,SVRIPMODE,IP,SVRIP,101.33.26.115,SVRIPMASKTYPE,LENGTHTYPE,SVRIPMASKLEN,32,MSSTARTPORT,0.0,MSENDPORT,65535.0,SVRSTARTPORT,0.0,SVRENDPORT,101.33.26.115/32
ADD FILTER:FILTERNAME,f_tiktokip_116,L34PROTTYPE,STRING,L34PROTOCOL,ANY,SVRIPMODE,IP,SVRIP,101.33.26.117,SVRIPMASKTYPE,LENGTHTYPE,SVRIPMASKLEN,32,MSSTARTPORT,0.0,MSENDPORT,65535.0,SVRSTARTPORT,0.0,SVRENDPORT,101.33.26.117/32
ADD FILTER:FILTERNAME,f_tiktokip_117,L34PROTTYPE,STRING,L34PROTOCOL,ANY,SVRIPMODE,IP,SVRIP,101.33.26.118,SVRIPMASKTYPE,LENGTHTYPE,SVRIPMASKLEN,32,MSSTARTPORT,0.0,MSENDPORT,65535.0,SVRSTARTPORT,0.0,SVRENDPORT,101.33.26.118/32
ADD FILTER:FILTERNAME,f_tiktokip_118,L34PROTTYPE,STRING,L34PROTOCOL,ANY,SVRIPMODE,IP,SVRIP,43.152.13.111,SVRIPMASKTYPE,LENGTHTYPE,SVRIPMASKLEN,32,MSSTARTPORT,0.0,MSENDPORT,65535.0,SVRSTARTPORT,0.0,SVRENDPORT,43.152.13.111/32
ADD FILTER:FILTERNAME,f_tiktokip_119,L34PROTTYPE,STRING,L34PROTOCOL,ANY,SVRIPMODE,IP,SVRIP,43.152.13.112,SVRIPMASKTYPE,LENGTHTYPE,SVRIPMASKLEN,32,MSSTARTPORT,0.0,MSENDPORT,65535.0,SVRSTARTPORT,0.0,SVRENDPORT,43.152.13.112/32
ADD FILTER:FILTERNAME,f_tiktokip_120,L34PROTTYPE,STRING,L34PROTOCOL,ANY,SVRIPMODE,IP,SVRIP,43.152.14.201,SVRIPMASKTYPE,LENGTHTYPE,SVRIPMASKLEN,32,MSSTARTPORT,0.0,MSENDPORT,65535.0,SVRSTARTPORT,0.0,SVRENDPORT,43.152.14.201/32
ADD FILTER:FILTERNAME,f_tiktokip_121,L34PROTTYPE,STRING,L34PROTOCOL,ANY,SVRIPMODE,IP,SVRIP,43.152.14.202,SVRIPMASKTYPE,LENGTHTYPE,SVRIPMASKLEN,32,MSSTARTPORT,0.0,MSENDPORT,65535.0,SVRSTARTPORT,0.0,SVRENDPORT,43.152.14.202/32
ADD FILTER:FILTERNAME,f_tiktokip_122,L34PROTTYPE,STRING,L34PROTOCOL,ANY,SVRIPMODE,IP,SVRIP,43.152.14.203,SVRIPMASKTYPE,LENGTHTYPE,SVRIPMASKLEN,32,MSSTARTPORT,0.0,MSENDPORT,65535.0,SVRSTARTPORT,0.0,SVRENDPORT,43.152.14.203/32
ADD FILTER:FILTERNAME,f_tiktokip_123,L34PROTTYPE,STRING,L34PROTOCOL,ANY,SVRIPMODE,IP,SVRIP,43.152.15.201,SVRIPMASKTYPE,LENGTHTYPE,SVRIPMASKLEN,32,MSSTARTPORT,0.0,MSENDPORT,65535.0,SVRSTARTPORT,0.0,SVRENDPORT,43.152.15.201/32
ADD FILTER:FILTERNAME,f_tiktokip_124,L34PROTTYPE,STRING,L34PROTOCOL,ANY,SVRIPMODE,IP,SVRIP,43.152.15.202,SVRIPMASKTYPE,LENGTHTYPE,SVRIPMASKLEN,32,MSSTARTPORT,0.0,MSENDPORT,65535.0,SVRSTARTPORT,0.0,SVRENDPORT,43.152.15.202/32
ADD FILTER:FILTERNAME,f_tiktokip_125,L34PROTTYPE,STRING,L34PROTOCOL,ANY,SVRIPMODE,IP,SVRIP,43.152.15.203,SVRIPMASKTYPE,LENGTHTYPE,SVRIPMASKLEN,32,MSSTARTPORT,0.0,MSENDPORT,65535.0,SVRSTARTPORT,0.0,SVRENDPORT,43.152.15.203/32
ADD FILTER:FILTERNAME,f_tiktokip_126,L34PROTTYPE,STRING,L34PROTOCOL,ANY,SVRIPMODE,IP,SVRIP,138.113.114.184,SVRIPMASKTYPE,LENGTHTYPE,SVRIPMASKLEN,29,MSSTARTPORT,0.0,MSENDPORT,65535.0,SVRSTARTPORT,0.0,SVRENDPORT,138.113.114.184/29
ADD FILTER:FILTERNAME,f_tiktokip_127,L34PROTTYPE,STRING,L34PROTOCOL,ANY,SVRIPMODE,IP,SVRIP,138.113.121.144,SVRIPMASKTYPE,LENGTHTYPE,SVRIPMASKLEN,28,MSSTARTPORT,0.0,MSENDPORT,65535.0,SVRSTARTPORT,0.0,SVRENDPORT,138.113.121.144/28
ADD FILTER:FILTERNAME,f_tiktokip_128,L34PROTTYPE,STRING,L34PROTOCOL,ANY,SVRIPMODE,IP,SVRIP,138.113.136.32,SVRIPMASKTYPE,LENGTHTYPE,SVRIPMASKLEN,30,MSSTARTPORT,0.0,MSENDPORT,65535.0,SVRSTARTPORT,0.0,SVRENDPORT,138.113.136.32/30
,f_tiktokip_129,,,,,,,,89.187.174.85,,,,32,,,,,,,New,
,f_tiktokip_130,,,,,,,,156.146.40.75,,,,32,,,,,,,New,
,f_tiktokip_131,,,,,,,,185.156.44.129,,,,32,,,,,,,New,
,f_tiktokip_132,,,,,,,,45.136.153.214,,,,32,,,,,,,New,
,f_tiktokip_133,,,,,,,,89.187.169.113,,,,32,,,,,,,New,
,f_tiktokip_134,,,,,,,,195.181.174.158,,,,32,,,,,,,New,
,f_tiktokip_135,,,,,,,,37.19.218.37,,,,32,,,,,,,New,
,f_tiktokip_136,,,,,,,,195.181.164.52,,,,32,,,,,,,New,
,f_tiktokip_137,,,,,,,,195.181.164.49,,,,32,,,,,,,New,
,f_tiktokip_138,,,,,,,,185.76.11.50,,,,32,,,,,,,New,
,f_tiktokip_139,,,,,,,,138.199.15.178,,,,32,,,,,,,New,
,f_tiktokip_140,,,,,,,,212.102.54.8,,,,32,,,,,,,New,
,f_tiktokip_141,,,,,,,,84.17.42.209,,,,32,,,,,,,New,
,f_tiktokip_142,,,,,,,,84.17.42.137,,,,32,,,,,,,New,
,f_tiktokip_143,,,,,,,,138.199.46.247,,,,32,,,,,,,New,
,f_tiktokip_144,,,,,,,,37.19.203.71,,,,32,,,,,,,New,
,f_tiktokip_145,,,,,,,,195.181.166.184,,,,32,,,,,,,New,
,f_tiktokip_146,,,,,,,,89.187.160.193,,,,32,,,,,,,New,
,f_tiktokip_147,,,,,,,,156.146.61.216,,,,32,,,,,,,New,
,f_tiktokip_148,,,,,,,,185.246.208.78,,,,32,,,,,,,New,
,f_tiktokip_149,,,,,,,,212.102.36.239,,,,32,,,,,,,New,
,f_tiktokip_150,,,,,,,,37.19.206.98,,,,32,,,,,,,New,
,f_tiktokip_151,,,,,,,,195.181.171.133,,,,32,,,,,,,New,
,f_tiktokip_152,,,,,,,,119.28.165.43,,,,32,,,,,,,New,
,f_tiktokip_153,,,,,,,,119.28.164.43,,,,32,,,,,,,New,
,f_tiktokip_154,,,,,,,,119.28.164.233,,,,32,,,,,,,New,
,f_tiktokip_155,,,,,,,,119.28.164.103,,,,32,,,,,,,New,
,f_tiktokip_156,,,,,,,,203.205.137.8,,,,32,,,,,,,New,
,f_tiktokip_157,,,,,,,,203.205.137.9,,,,32,,,,,,,New,
,f_tiktokip_158,,,,,,,,203.205.137.137,,,,32,,,,,,,New,
,f_tiktokip_159,,,,,,,,203.205.137.138,,,,32,,,,,,,New,
,f_tiktokip_160,,,,,,,,203.205.137.121,,,,32,,,,,,,New,
,f_tiktokip_161,,,,,,,,203.205.137.119,,,,32,,,,,,,New,
,f_tiktokip_162,,,,,,,,203.205.137.251,,,,32,,,,,,,New,
,f_tiktokip_163,,,,,,,,103.211.150.48,,,,29,,,,,,,New,
,f_tiktokip_164,,,,,,,,202.75.147.160,,,,28,,,,,,,New,
,f_tiktokip_165,,,,,,,,202.75.147.112,,,,29,,,,,,,New,
,f_tiktokip_166,,,,,,,,181.39.2.184,,,,29,,,,,,,New,
,f_tiktokip_167,,,,,,,,103.38.196.64,,,,29,,,,,,,New,
,f_tiktokip_168,,,,,,,,160.20.223.56,,,,29,,,,,,,New,
,f_tiktokip_169,,,,,,,,103.150.179.112,,,,28,,,,,,,New,
,f_tiktokip_170,,,,,,,,138.113.17.64,,,,28,,,,,,,New,
,f_tiktokip_171,,,,,,,,114.108.206.108,,,,30,,,,,,,New,
,f_tiktokip_172,,,,,,,,45.116.232.76,,,,31,,,,,,,New,
,f_tiktokip_173,,,,,,,,171.237.128.32,,,,28,,,,,,,New,
,f_tiktokip_174,,,,,,,,171.237.129.32,,,,28,,,,,,,New,
,f_tiktokip_175,,,,,,,,138.113.194.32,,,,28,,,,,,,New,
,f_tiktokip_176,,,,,,,,138.113.196.32,,,,28,,,,,,,New,
,f_tiktokip_177,,,,,,,,115.166.118.32,,,,28,,,,,,,New,
,f_tiktokip_178,,,,,,,,115.166.119.32,,,,28,,,,,,,New,
,f_tiktokip_179,,,,,,,,43.152.142.241,,,,32,,,,,,,New,
,f_tiktokip_180,,,,,,,,43.152.143.241,,,,32,,,,,,,New,
,f_tiktokip_181,,,,,,,,43.152.25.122,,,,32,,,,,,,New,
,f_tiktokip_182,,,,,,,,43.152.24.175,,,,32,,,,,,,New,
,f_tiktokip_183,,,,,,,,43.152.24.198,,,,32,,,,,,,New,
,f_tiktokip_184,,,,,,,,43.152.23.72,,,,32,,,,,,,New,
,f_tiktokip_185,,,,,,,,43.152.23.231,,,,32,,,,,,,New,
,f_tiktokip_186,,,,,,,,43.152.23.187,,,,32,,,,,,,New,
,f_tiktokip_187,,,,,,,,185.152.65.10,,,,32,,,,,,,New,
,f_tiktokip_188,,,,,,,,45.134.141.170,,,,32,,,,,,,New,
,f_tiktokip_189,,,,,,,,156.146.53.68,,,,32,,,,,,,New,
,f_tiktokip_190,,,,,,,,84.17.63.119,,,,32,,,,,,,New,
,f_tiktokip_191,,,,,,,,143.244.43.218,,,,32,,,,,,,New,
,f_tiktokip_192,,,,,,,,89.187.190.138,,,,32,,,,,,,New,
,f_tiktokip_193,,,,,,,,89.187.190.131,,,,32,,,,,,,New,
,f_tiktokip_194,,,,,,,,143.244.58.86,,,,32,,,,,,,New,
,f_tiktokip_195,,,,,,,,156.146.38.238,,,,32,,,,,,,New,
,f_tiktokip_196,,,,,,,,143.244.60.108,,,,32,,,,,,,New,
,f_tiktokip_197,,,,,,,,195.181.163.74,,,,32,,,,,,,New,
,f_tiktokip_198,,,,,,,,89.187.190.137,,,,32,,,,,,,New,
,f_tiktokip_199,,,,,,,,89.187.185.151,,,,32,,,,,,,New,
,f_tiktokip_200,,,,,,,,143.244.58.89,,,,32,,,,,,,New,
,f_tiktokip_201,,,,,,,,143.244.58.94,,,,32,,,,,,,New,
,f_tiktokip_202,,,,,,,,84.17.41.118,,,,32,,,,,,,New,
,f_tiktokip_203,,,,,,,,43.152.143.242,,,,32,,,,,,,New,
,f_tiktokip_204,,,,,,,,43.152.142.242,,,,32,,,,,,,New,
,f_tiktokip_205,,,,,,,,43.152.142.243,,,,32,,,,,,,New,
,f_tiktokip_206,,,,,,,,43.132.81.241,,,,32,,,,,,,New,
,f_tiktokip_207,,,,,,,,43.132.81.242,,,,32,,,,,,,New,
,f_tiktokip_208,,,,,,,,43.132.80.241,,,,32,,,,,,,New,
,f_tiktokip_209,,,,,,,,43.152.25.231,,,,32,,,,,,,New,
,f_tiktokip_210,,,,,,,,43.152.53.241,,,,32,,,,,,,New,
,f_tiktokip_211,,,,,,,,43.152.53.242,,,,32,,,,,,,New,
,f_tiktokip_212,,,,,,,,161.49.45.224,,,,29,,,,,,,New,
,f_tiktokip_213,,,,,,,,138.113.188.52,,,,30,,,,,,,New,
,f_tiktokip_214,,,,,,,,163.171.207.208,,,,31,,,,,,,New,
,f_tiktokip_215,,,,,,,,61.61.69.72,,,,29,,,,,,,New,
,f_tiktokip_216,,,,,,,,177.234.200.152,,,,30,,,,,,,New,
,f_tiktokip_217,,,,,,,,138.113.227.24,,,,29,,,,,,,New,
,f_tiktokip_218,,,,,,,,138.113.228.20,,,,30,,,,,,,New,
,f_tiktokip_219,,,,,,,,138.113.229.32,,,,28,,,,,,,New,
,f_tiktokip_220,,,,,,,,138.113.230.32,,,,28,,,,,,,New,
,f_tiktokip_221,,,,,,,,138.113.231.32,,,,28,,,,,,,New,
,f_tiktokip_222,,,,,,,,163.171.213.112,,,,30,,,,,,,New,
,f_tiktokip_223,,,,,,,,14.225.238.40,,,,31,,,,,,,New,
,f_tiktokip_224,,,,,,,,14.225.214.32,,,,28,,,,,,,New,
,f_tiktokip_225,,,,,,,,138.113.233.24,,,,29,,,,,,,New,
,f_tiktokip_226,,,,,,,,185.156.44.79,,,,32,,,,,,,New,
,f_tiktokip_227,,,,,,,,185.156.44.80,,,,32,,,,,,,New,
,f_tiktokip_228,,,,,,,,185.156.44.81,,,,32,,,,,,,New,
,f_tiktokip_229,,,,,,,,138.199.27.216,,,,32,,,,,,,New,
,f_tiktokip_230,,,,,,,,138.199.27.217,,,,32,,,,,,,New,
,f_tiktokip_231,,,,,,,,138.199.27.218,,,,32,,,,,,,New,
,f_tiktokip_232,,,,,,,,212.102.48.135,,,,32,,,,,,,New,
,f_tiktokip_233,,,,,,,,212.102.48.222,,,,32,,,,,,,New,
,f_tiktokip_234,,,,,,,,212.102.48.249,,,,32,,,,,,,New,
,f_tiktokip_235,,,,,,,,185.156.44.70,,,,32,,,,,,,New,
,f_tiktokip_236,,,,,,,,185.156.44.74,,,,32,,,,,,,New,
,f_tiktokip_237,,,,,,,,185.156.44.75,,,,32,,,,,,,New,
,f_tiktokip_238,,,,,,,,84.17.62.5,,,,32,,,,,,,New,
,f_tiktokip_239,,,,,,,,84.17.62.10,,,,32,,,,,,,New,
,f_tiktokip_240,,,,,,,,84.17.62.15,,,,32,,,,,,,New,
